id,name,link,regular_price,promo_price,brand_name
366305,"RIOBA Шоколад молочный (5г х 160шт), 800г",https://online.metro-cc.ru/products/rioba-porcionnyj-molochnyj-32-kakao-800g,809,729,RIOBA
366302,"RIOBA Шоколад темный (5г х 160шт), 800г",https://online.metro-cc.ru/products/rioba-porcionnyj-temnyj-51-kakao-800g,809,729,RIOBA
366306,"RIOBA Шоколад горький (5г х 160шт), 800г",https://online.metro-cc.ru/products/rioba-porcionnyj-gorkij-72-kakao-800g,809,729,RIOBA
138161,"RIOBA Мини-шоколад Ассорти 6 вкусов, 800г",https://online.metro-cc.ru/products/800g-mini-shokolad-rioba-assorti-6-vkusov,939,849,RIOBA
138160,"RIOBA Шоколад Ассорти 4 вкуса, 800г",https://online.metro-cc.ru/products/800g-shokolad-rioba-assorti-4-vkusa,989,899,RIOBA
117603,"Батончик Snickers Super шоколадный, 80г",https://online.metro-cc.ru/products/80g-snickers-super,76.90,64.90,SNICKERS
121735,"Драже M&M's с арахисом, 80г",https://online.metro-cc.ru/products/80g-drazhe-m-m-039s-s-arahisom,111,79.90,M&M'S
401987,"Батончик Twix Экстра шоколадный, 82г",https://online.metro-cc.ru/products/art_401987,74.90,64.90,TWIX
401982,"Батончик Bounty Трио шоколадный, 83г",https://online.metro-cc.ru/products/bounty-trio-825g-401982,74.90,64.90,BOUNTY
445183,"Конфеты M&M's Драже с арахисом, 360г",https://online.metro-cc.ru/products/m-m-039s-drazhe-s-arahisom-360g,379,379,M&M'S
438717,"Шоколад Вдохновение классический, 100г",https://online.metro-cc.ru/products/vdohnovenie-klassicheskij-100g,136,136,ВДОХНОВЕНИЕ
112694,"Шоколад Milka молочный, 85г",https://online.metro-cc.ru/products/shokolad-milka-molochnyj-85g,120,99.90,MILKA
200990,"Шоколад Бабаевский элитный, 90г",https://online.metro-cc.ru/products/shokolad-babaevskij-elitnyj,100.90,100.90,БАБАЕВСКИЙ
420696,"Шоколад Красный Октябрь Аленка молочный, 20г",https://online.metro-cc.ru/products/molochnyj-alyonka-20g,28,28,АЛЕНКА
508603,"Шоколад Bucheron горький 72%, 100г",https://online.metro-cc.ru/products/bucheron-gorkij-72-kakao-100g,369,369,BUCHERON
337582,"Набор шоколада Ritter Sport Mini порционного, 1.4кг",https://online.metro-cc.ru/products/ritter-sport-nabor-porcionnogo-mini-14kg,2079,2079,RITTER SPORT
335607,"Батончик Kinder Bueno вафельный в молочном шоколаде 43г x 3шт, 129г",https://online.metro-cc.ru/products/vafli-kinder-nbspbueno-v-molochnom-43gh3sht,243,243,KINDER BUENO
217029,"Шоколад Alpen Gold Oreo молочный шоколадная начинка, 90г",https://online.metro-cc.ru/products/shokolad-alpen-gold-oreo-molochnyy-shokoladnaya-nachinka-90g,81.90,81.90,ALPEN GOLD
140362,"Батончик шоколадный Snickers белый, 81г",https://online.metro-cc.ru/products/81g-shokoladnyy-batonchik-snickers-belyy,74.90,64.90,SNICKERS
401986,"Батончик Twix шоколадный карамель, 55г",https://online.metro-cc.ru/products/twix-40h55g-401986,49.49,49.49,TWIX
456037,"Батончик Snickers шоколадный, 51г",https://online.metro-cc.ru/products/snickers-c-arahisom-505g,49.49,49.49,SNICKERS
453396,"Шоколад Априори горький 99% какао (5г х 20шт), 100г",https://online.metro-cc.ru/products/gorkij-apriori-99-kakao-100g,209,209,АПРИОРИ
200991,"Шоколад Бабаевский горький, 90г",https://online.metro-cc.ru/products/shokolad-babaevskij-gorkij,100.90,100.90,БАБАЕВСКИЙ
363767,"Батончик Snickers шоколадный с лесным орехом, 81г",https://online.metro-cc.ru/products/snickers-c-lesnym-orehom-81g,74.90,64.90,SNICKERS
619953,"Шоколад Победа вкуса молочный без сахара 36% какао, 100г",https://online.metro-cc.ru/products/pobeda-molochnyj-32-kakao-bez-sahara-100-g,149,119,ПОБЕДА
121736,"Драже M&M's с молочным шоколадом, 80г",https://online.metro-cc.ru/products/80g-drazhe-m-m-039s-s-molochnym,111,79.90,M&M'S
112677,"Шоколад Milka молочный с цельным фундуком, 85г",https://online.metro-cc.ru/products/shokolad-milka-molochnyj-s-celnym-fundukom-85g,143,109,MILKA
456038,"Батончик Snickers шоколадный, 51г x 48 шт",https://online.metro-cc.ru/products/snickers-c-arahisom-505g-h-48sht,2539.20,2539.20,SNICKERS
636871,"Вафли Kinder Bueno White в белом шоколаде, 39г",https://online.metro-cc.ru/products/vafli-kinder-nbspbueno-white-v-belom-39g,91.90,91.90,KINDER BUENO
468841,"Шоколад Toblerone молочный с медово-миндальной нугой, 100 г",https://online.metro-cc.ru/products/molochnyj-toblerone-100g-468841,299,299,TOBLERONE
451517,"Шоколад Бабаевский со сливочной начинкой, 50г",https://online.metro-cc.ru/products/babaevskij-so-slivochnoj-nachinkoj-50g,49.99,49.99,БАБАЕВСКИЙ
438707,"Шоколадный батончик Nuts DUO с фундуком, 66г",https://online.metro-cc.ru/products/s-orehami-nuts-megabajt-66-g,69.90,69.90,NUTS
12471,"Батончик Mars шоколадный, 50г x 36 шт",https://online.metro-cc.ru/products/mars-50g,1904.40,1904.40,MARS
469090,"Шоколад Ritter Sport молочный Альпийское молоко, 100г",https://online.metro-cc.ru/products/ritter-sport-molochnyj-alpijskoe-moloko-100g,149,139,RITTER SPORT
559452,"Шоколад Ritter Sport молочный Цельный лесной орех, 100г",https://online.metro-cc.ru/products/ritter-sport-molochnyj-celnyj-lesnoj-oreh-100g,169,169,RITTER SPORT
453397,"Шоколад Априори Горький 85% какао (5г х 20шт), 100г",https://online.metro-cc.ru/products/gorkij-apriori-85-kakao-100g,189,189,АПРИОРИ
138899,"Шоколад Red Delight темный с апельсином и миндалем, 85г",https://online.metro-cc.ru/products/85g-shokolad-red-delight-tyomnyy-apelsinmindal,209,129,RED
584113,"Шоколад Bucheron молочный с кусочками малины, 100г",https://online.metro-cc.ru/products/bucheron-molochnyj-s-kusochkami-maliny-100g-584113,369,369,BUCHERON
112674,"Шоколад Milka Bubbles молочный пористый, 76г",https://online.metro-cc.ru/products/milka-bubbles-shokolad-molochnyj-poristyj-76g,120,109,MILKA
523365,"Батончик Picnic Big с арахисом, изюмом и карамелью шоколадный, 76г",https://online.metro-cc.ru/products/picnic-big-s-arahisom-karamelyu-76g,80.90,80.90,PICNIC
523367,"Батончик Picnic с арахисом, карамелью шоколадный, 38г",https://online.metro-cc.ru/products/picnic-s-arahisom-karamelyu-38-g,52.90,52.90,PICNIC
453148,"Батончик Mars Max шоколадный, 81г",https://online.metro-cc.ru/products/art_453148,76.90,64.90,MARS
200989,"Шоколад Бабаевский люкс, 90г",https://online.metro-cc.ru/products/90g-shokolad-babaevskiy-lyuks,129,129,БАБАЕВСКИЙ
469410,"Шоколад Бабаевский Вдохновение горький с миндалем 75% какао, 100г",https://online.metro-cc.ru/products/babaevskij-vdohnovenie-gorkij-s-mindalem-75-kakao-100g,136,136,ВДОХНОВЕНИЕ
117442,"Шоколад Красный Октябрь Аленка молочный, 90г",https://online.metro-cc.ru/products/molochnyj-alenka-krasnyj-oktyabr-90g,89.90,89.90,АЛЕНКА
445187,"Конфеты M&M's Драже с молочным шоколадом, 360г",https://online.metro-cc.ru/products/m-ms-drazhe-s-molochnym-shokoladom-360g,379,379,M&M'S
619952,"Шоколад Победа горький 72% какао без сахара, 100г",https://online.metro-cc.ru/products/pobeda-gorkij-72-kakao-bez-sahara-100-g,169,149,ПОБЕДА
58925,"Батончик Snickers Криспер шоколадный, 60г",https://online.metro-cc.ru/products/art_58925,56.90,49.90,SNICKERS
559454,"Шоколад Ritter Sport темный Цельный лесной орех, 100г",https://online.metro-cc.ru/products/ritter-sport-temnyj-celnyj-lesnoj-oreh-100g,169,169,RITTER SPORT
469331,"Батончик Milky Way шоколадный 1+1, 52г",https://online.metro-cc.ru/products/milky-way-1-1-52g,53.90,44.90,MILKY WAY
548125,"Шоколад Dove молочный, 90г",https://online.metro-cc.ru/products/art_548125,119,109,DOVE
114902,"Шоколад Россия Щедрая душа Очень молочный, 82г",https://online.metro-cc.ru/products/molochnyj-rossiya-schedraya-dusha-82g,65.90,65.90,РОССИЯ ЩЕДРАЯ ДУША
401980,"Батончик Bounty шоколадный с мякотью кокоса, 55г",https://online.metro-cc.ru/products/bounty-s-myakotyu-kokosa-55g,49.49,49.49,BOUNTY
492756,"Шоколадный батончик Picnic Грецкий орех, с грецким орехом и арахисом 52г",https://online.metro-cc.ru/products/picnic-greckij-oreh-v-upakovke-35h52g-492756,53.90,53.90,PICNIC
114122,"Батончик Snickers шоколадный 40г х 4шт, 160г",https://online.metro-cc.ru/products/4h40g-batonchik-snickers-shokoladnyj-mp,152,152,SNICKERS
112676,"Шоколад Milka молочный с цельным миндалем, 85г",https://online.metro-cc.ru/products/shokolad-milka-molochnyj-s-celnym-mindalem-85g,143,109,MILKA
112681,"Шоколад Milka молочный с фундуком, 85г",https://online.metro-cc.ru/products/milka-shokolad-molochnyj-s-fundukom-85g,120,99.90,MILKA
114124,"Батончик Twix шоколадный 55г х 3шт, 165г",https://online.metro-cc.ru/products/3h55g-batonchik-twix-shokoladnyj-mp,152,152,TWIX
121754,"Драже M&M's с арахисом, 145г",https://online.metro-cc.ru/products/145g-drazhe-m-m-039s-s-arahisom,185,185,M&M'S
130720,"Шоколад Бабаевский апельсин-цельный фундук, 165г",https://online.metro-cc.ru/products/165g-babaevskij-apelsin-celn-fund,239,139,БАБАЕВСКИЙ
114125,"Батончик Bounty шоколадный 27.5г х 6шт, 165г",https://online.metro-cc.ru/products/6h275g-konfety-bounty-shokoladnye-mp,152,152,BOUNTY
495289,"Шоколад Ritter Sport молочный ром-изюм-орех, 100г",https://online.metro-cc.ru/products/ritter-sport-molochnyj-rom-izyum-oreh-100g,149,139,RITTER SPORT
628910,"Шоколад Ritter Sport молочный с кокосом, 100г",https://online.metro-cc.ru/products/ritter-sport-molochnyj-s-kokosovoj-nachinkoj-100g,149,139,RITTER SPORT
539288,"Шоколад Воздушный молочный пористый, 85г",https://online.metro-cc.ru/products/molochnyj-vozdushnyj-poristyj-85g-539288,128,128,ВОЗДУШНЫЙ
499656,"Шоколад Merci горький 72%, 100г",https://online.metro-cc.ru/products/merci-gorkij-72-100g,199,199,MERCI
427048,"Шоколад Бабаевский с шоколадной начинкой, 50г",https://online.metro-cc.ru/products/babaevskij-nachinkoj-50g,49.99,49.99,БАБАЕВСКИЙ
135967,"RIOBA Шоколад молочный 32% какао, 20г",https://online.metro-cc.ru/products/20g-shokolad-rioba-molochnyy-32-kakao-135967,21.49,20.90,RIOBA
559453,"Шоколад Ritter Sport белый Цельный лесной орех и хлопья, 100г",https://online.metro-cc.ru/products/ritter-sport-belyj-celnyj-lesnoj-oreh-hlopya-100g,169,169,RITTER SPORT
34152,"Шоколад Ritter Sport темный миндаль и апельсин, 100г",https://online.metro-cc.ru/products/temnyj-ritter-sport-mindal-apelsin-s-droblenym-mindalem-kusochkami-apelsinovoj-cedry-100g,149,139,RITTER SPORT
623819,"Шоколад Ritter Sport молочный карамельный мусс с миндалем, 100г",https://online.metro-cc.ru/products/art_623819,149,139,RITTER SPORT
541656,"Шоколад Milka молочный с карамельной начинкой, 90г",https://online.metro-cc.ru/products/molochnyj-milka-s-karamelnoj-nachinkoj-90g-541656,120,109,MILKA
225274,"Шоколад Бабаевский темный с цельным миндалем, 90г",https://online.metro-cc.ru/products/90g-shokolad-babaevskiy-temnyy-s-tselym-mindalem,139,139,БАБАЕВСКИЙ
453420,"Шоколад Априори горький с апельсином и лепестками миндаля (5г х 20шт), 100г",https://online.metro-cc.ru/products/gorkij-apriori-apelsin-mindal-100g,189,189,АПРИОРИ
60050,"Шоколад Ritter Sport Темный 74% какао с насыщенным вкусом из Перу, 100г",https://online.metro-cc.ru/products/ritter-sport-temnyj-74-kakao-100g,169,169,RITTER SPORT
226796,"Шоколад Lindt Excellence 70% какао, 100г",https://online.metro-cc.ru/products/lindt-excellence-gorkij-70-100g,329,239,LINDT
91297,"Шоколад Alpen Gold Max Fun молочный с мармеладом со вкусом колы, попкорн и взрывной карамелью, 150г",https://online.metro-cc.ru/products/alpen-gold-maxfun-popkorn-150g,199,199,ALPEN GOLD
90520,"Шоколад Alpen Gold фундук молочный, 85г",https://online.metro-cc.ru/products/alpen-gold-molochnyj-funduk-85g,94.90,94.90,ALPEN GOLD
636324,"Шоколад Bucheron горький с миндалем, 100г",https://online.metro-cc.ru/products/bucheron-gorkij-s-mindalem-100g,249,179,BUCHERON
228777,"Батончик Bounty шоколадный с мякотью кокоса, 55г x 32 шт",https://online.metro-cc.ru/products/bounty-s-myakotyu-kokosa-v-molochnmm-55g-h-32sht,1692.80,1692.80,BOUNTY
121734,"Драже M&M's криспи, 70г",https://online.metro-cc.ru/products/70g-drazhe-m-m-039s-krispi,111,79.90,M&M'S
539287,"Шоколад Воздушный белый пористый, 85г",https://online.metro-cc.ru/products/belyj-vozdushnyj-poristyj-85g-539287,134,134,ВОЗДУШНЫЙ
91225,"Шоколад Alpen Gold молочный, 85г",https://online.metro-cc.ru/products/alpen-gold-molochnyj-85g,81.90,81.90,ALPEN GOLD
114895,"Шоколад Россия Щедрая душа Больше какао молочный с миндалем и изюмом, 82г",https://online.metro-cc.ru/products/molochnyj-rossiya-schedraya-dusha-mindal-izyum-82g,65.90,65.90,РОССИЯ ЩЕДРАЯ ДУША
117441,"Шоколад Красный Октябрь Аленка много молока + кальций, 90г",https://online.metro-cc.ru/products/90g-alyonka-mnogo-moloka,89.90,89.90,АЛЕНКА
120721,"Шоколад Ritter Sport шоколадное печенье с орехами, 100г",https://online.metro-cc.ru/products/100g-ritter-sport-pechenye-orehi,149,139,RITTER SPORT
597352,"Шоколад Ritter Sport молочный лесной орех, 100г",https://online.metro-cc.ru/products/ritter-sport-molochnyj-lesnoj-oreh-100g,149,139,RITTER SPORT
112679,"Шоколад Milka клубника со сливками, 85г",https://online.metro-cc.ru/products/shokolad-milka-klubnika-so-slivkami-85g,120,109,MILKA
401983,"Батончик Mars шоколадный, 50г",https://online.metro-cc.ru/products/mars-36h50g-401983,49.49,49.49,MARS
114126,"Батончик Milky Way шоколадный 4шт, 104г",https://online.metro-cc.ru/products/4h26g-batonchik-milky-way-shokoladnyj-mp,86.90,86.90,MILKY WAY
200993,"Шоколад Бабаевский грецкий орех-кленовый сироп, 90г",https://online.metro-cc.ru/products/90g-shokolad-babaevskiy-grets-orehklen-sirop,139,139,БАБАЕВСКИЙ
112693,"Шоколад Milka Bubbles молочный пористый с кокосом, 92г",https://online.metro-cc.ru/products/milka-bubbles-shokolad-molochnyj-poristyj-s-kokosom-92g,143,109,MILKA
449195,"Драже M&M's с арахисом и молочным шоколадом, 45г",https://online.metro-cc.ru/products/drazhe-m-m-039s-s-arahisom-32h45g-449195,55.90,55.90,M&M'S
109017,"Шоколад Merci горький апельсин миндаль, 100г",https://online.metro-cc.ru/products/shokolad-gorkij-merci-apelsin-mindal-100-g,221,221,MERCI
109570,"RIOBA Шоколад горький миндаль, цукаты, апельсин, 100г",https://online.metro-cc.ru/products/shokolad-rioba-gorkij-mindal-cukaty-apelsin-100g,124,119,RIOBA
225273,"Шоколад Бабаевский темный с фундуком, 90г",https://online.metro-cc.ru/products/90g-shokolad-babaevskiy-temnyy-s-fundukom,139,139,БАБАЕВСКИЙ
138904,"Шоколад Red Delight молочный с пониженной калорийностью, 85г",https://online.metro-cc.ru/products/85g-shokolad-red-delight-molochnyy,209,129,RED
401984,"Батончик Milky Way шоколадный, 26г",https://online.metro-cc.ru/products/shokoladnyj-batonchik-milky-way-26-g,19.39,19.39,MILKY WAY
90518,"Шоколад Alpen Gold миндаль и кокос, 85г",https://online.metro-cc.ru/products/alpen-gold-mindal-kokos-85g,94.90,94.90,ALPEN GOLD
550646,"Молочный шоколад Dove с цельным фундуком, 90г",https://online.metro-cc.ru/products/molochnyj-dove-s-celnym-fundukom-90g-550646,119,109,DOVE
117793,"Батончик Snickers Super шоколадный, 80г x 32 шт",https://online.metro-cc.ru/products/80g-snickers-super-117793,2268.80,2268.80,SNICKERS
148889,"Шоколад Ritter Sport темный марципан, 100г",https://online.metro-cc.ru/products/ritter-sport-temnyj-marcipan-100g,149,139,RITTER SPORT
90506,"Шоколад Alpen Gold с чернично-йогуртовой начинкой, 85г",https://online.metro-cc.ru/products/alpen-gold-chernika-jogurt-85g,81.90,81.90,ALPEN GOLD
130017,"Шоколад Коммунарка горький с начинкой с пюре из черной смородины, 200г",https://online.metro-cc.ru/products/kommunarka-gorkij-s-pyure-iz-chernoj-smorodiny-200g,177,159,КОММУНАРКА
90519,"Шоколад Alpen Gold фундук и изюм молочный, 85г",https://online.metro-cc.ru/products/alpen-gold-funduk-izyum-85g,94.90,94.90,ALPEN GOLD
228776,"Батончик Twix шоколадный карамель, 55г x 40 шт",https://online.metro-cc.ru/products/twix-55g,2116,2116,TWIX
140379,"Батончик шоколадный Snickers белый, 81г x 32 шт",https://online.metro-cc.ru/products/81g-shokoladnyy-batonchik-snickers-belyy-140379,2268.80,2268.80,SNICKERS
121831,"Драже M&M's с молочным шоколадом, 145г",https://online.metro-cc.ru/products/145g-drazhe-m-m-039s-s-molochnym,185,185,M&M'S
90513,"Шоколад Alpen Gold с соленым арахисом и крекером, 85г",https://online.metro-cc.ru/products/alpen-gold-kreker-solenyj-arahis-85g,81.90,81.90,ALPEN GOLD
114123,"Батончик Snickers Криспер шоколадный 40г х 4шт, 160г",https://online.metro-cc.ru/products/4h40g-batonchik-snickers-shokoladnyj-krisper-mp,152,152,SNICKERS
222180,"Шоколад Кондитерская фабрика Крупской особый темный, 90г",https://online.metro-cc.ru/products/90g-shokolad-osobyy-kf-im-nk-krupskoy-tyomnyy,104,104,КОНДИТЕРСКАЯ ФАБРИКА КРУПСКОЙ
420032,"Шоколадный батончик Nestle Nuts с фундуком, 50г",https://online.metro-cc.ru/products/nestle-nuts-orehovyj-tyuning-50-g-420032,61.90,61.90,NUTS
559455,"Шоколад Ritter Sport молочный Цельный миндаль, 100г",https://online.metro-cc.ru/products/ritter-sport-molochnyj-celnyj-mindal-100g,169,169,RITTER SPORT
113197,"Шоколад Ritter Sport Extra Nut темный цельный миндаль, 100г",https://online.metro-cc.ru/products/shokolad-ritter-sport-temnyj-mindal-100g,169,169,RITTER SPORT
528402,"Батончик Славянка Обыкновенное чудо вафельный сливочный, 55г",https://online.metro-cc.ru/products/obyknovennoe-chudo-slivochnoe-55g,38.50,38.50,СЛАВЯНКА
203569,"Шоколад Villars горький 72%, 100г",https://online.metro-cc.ru/products/100g-shokolad-villars-gorkiy-72,399,399,VILLARS
200992,"Шоколад Бабаевский криспи-кешью, 90г",https://online.metro-cc.ru/products/90g-shokolad-babaevskiy-krispikeshyu,139,139,БАБАЕВСКИЙ
248140,"Батончик Twix Экстра шоколадный, 82г x 24 шт",https://online.metro-cc.ru/products/twix-ekstra-82g-248140,1701.60,1701.60,TWIX
248151,"Батончик Bounty Трио шоколадный, 83г x 24 шт",https://online.metro-cc.ru/products/bounty-trio-825g-248151,1701.60,1701.60,BOUNTY
438853,"Шоколад Красный Октябрь Аленка молочный, 200г",https://online.metro-cc.ru/products/alenka-molochnyj-200g,204,204,АЛЕНКА
30563,"Батончик Milky Way шоколадный, 26г x 36 шт",https://online.metro-cc.ru/products/milky-way-26g-30563,752.40,752.40,MILKY WAY
109018,"Шоколад Merci молочный c цельным лесным орехом, 100г",https://online.metro-cc.ru/products/shokolad-merci-molochnyj-c-celnym-lesnym-orehom-100g,212,212,MERCI
138902,"Шоколад Red Delight молочный с фундуком и макадамией, 85г",https://online.metro-cc.ru/products/85g-shokolad-red-delight-molochnyy-fundukmakadamiya,209,129,RED
130016,"Шоколад Коммунарка горький с начинкой с пюре из клюквы, 200г",https://online.metro-cc.ru/products/kommunarka-gorkij-s-pyure-iz-klyukvy-200g,177,159,КОММУНАРКА
225259,"Шоколад Alpen Gold Oreo классический чизкейк, 90г",https://online.metro-cc.ru/products/90g-shokolad-alpen-gold-oreo-klassicheskiy-chizkeyk,83.90,83.90,ALPEN GOLD
460054,"Шоколад Lindt Excellence темный с чили, 100г",https://online.metro-cc.ru/products/lindt-excellence-temnyj-s-percem-chili-100g,329,239,LINDT
120566,"Шоколад Nature's Own Factory гречишный молочный, 20г",https://online.metro-cc.ru/products/grechishnyj-molochnyj-nature-039s-own-factory-24g,113,113,NATURE'S OWN FACTORY
112685,"Шоколад Milka Bubbles молочный пористый с бананово йогуртовой начинкой, 92г",https://online.metro-cc.ru/products/shokolad-milka-molochnyj-bubbles-poristyj-s-bananovo-jogurtovoj-nachinkoj-92g,120,109,MILKA
109568,"RIOBA Шоколад горький миндаль, фисташка, 100г",https://online.metro-cc.ru/products/shokolad-rioba-gorkij-mindal-fistashka-100g,124,119,RIOBA
135965,"RIOBA Шоколад горький 72% какао, 20г",https://online.metro-cc.ru/products/20g-shokolad-rioba-gorkiy-72-kakao-135965,21.49,20.90,RIOBA
449194,"Драже M&M's с молочным шоколадом, 45г",https://online.metro-cc.ru/products/drazhe-m-ms-s-molochnym-shokoladom-45g,55.90,55.90,M&M'S
231217,"Шоколад молочный Ritter Sport лесной орех и клюква, 100г",https://online.metro-cc.ru/products/shokolad-molochnyy-ritter-sport-lesnoy-oreh-i-klyukva-100g,156,139,RITTER SPORT
105406,"Шоколад Red молочный фундук и макадамия без сахара, 26г",https://online.metro-cc.ru/products/shokolad-s-fundukom-makadamiej-red-26g,73.90,44.90,RED
524144,"Батончик Zentis Belmarzipan Noudat марципановый, 40г",https://online.metro-cc.ru/products/belnuga-marcipanovyj-s-nugoj-60-g,149,109,ZENTIS
667412,"Шоколад Red молочный без сахара, 26г",https://online.metro-cc.ru/products/red-molochnyj-26-g,73.90,44.90,RED
91301,"Шоколад Alpen Gold Max Fun молочный манго, ананас, маракуя, взрывная карамель и шипучие шарики, 150г",https://online.metro-cc.ru/products/alpen-gold-maxfun-tropicheskij-miks-150g,199,199,ALPEN GOLD
130722,"Шоколад Красный Октябрь Аленка с начинкой Тройной десерт, 85г",https://online.metro-cc.ru/products/85g-alyonka-trojnoj-desert,129,129,АЛЕНКА
114891,"Шоколад Россия Щедрая душа Российский темный, 82г",https://online.metro-cc.ru/products/temnyj-rossiya-schedraya-dusha-82g,72.90,72.90,РОССИЯ ЩЕДРАЯ ДУША
114892,"Шоколад Россия Щедрая душа Российский горький, 82г",https://online.metro-cc.ru/products/gorkij-rossiya-schedraya-dusha-82g,72.90,72.90,РОССИЯ ЩЕДРАЯ ДУША
465851,Драже изюм в шоколаде Рот Фронт 200г,https://online.metro-cc.ru/products/drazhe-izyum-v-shokolade-rot-front-200g,151,151,РОТ ФРОНТ
525120,"Шоколад Коммунарка Трюфельный Элит горький с трюфельной начинкой, 200г",https://online.metro-cc.ru/products/kommunarka-tryufelnyj-s-nachinkoj-200g,159,159,КОММУНАРКА
112683,"Шоколад Milka молочный миндаль и лесные ягоды, 85г",https://online.metro-cc.ru/products/shokolad-milka-molochnyj-mindal-lesnye-yagody-85g,120,109,MILKA
60051,"Шоколад Ritter Sport Темный 61% какао с утонченным вкусом из Никарагуа, 100г",https://online.metro-cc.ru/products/art_60051,169,169,RITTER SPORT
130723,"Шоколад Красный Октябрь Аленка с соленой карамелью и арахисом, 87г",https://online.metro-cc.ru/products/shokolad-alenka-s-solenoj-karamelyu-arahisom-90g,129,129,АЛЕНКА
548123,"Шоколад Dove молочный с фундуком, 90г",https://online.metro-cc.ru/products/dove-molochnyj-s-fundukom-90g-548123,119,109,DOVE
114890,"Шоколад Россия Щедрая душа молочный шоколад, белый шоколад, 75г",https://online.metro-cc.ru/products/rossiya-schedraya-dusha-molochnyj-belyj-75g,65.90,65.90,РОССИЯ ЩЕДРАЯ ДУША
545084,"Батончик Славянка Золотой Степ, 50г",https://online.metro-cc.ru/products/slavyanka-zolotoj-step-50g,35.99,35.99,СЛАВЯНКА
465848,"Драже Рот Фронт грильяж в шоколаде, 200г",https://online.metro-cc.ru/products/drazhe-rot-front-grilyazh-v-shokoladnoj-glazuri-200g-465848,138,138,РОТ ФРОНТ
567223,"Шоколад Bucheron горький с клюквой, клубникой и фисташками 72% какао, 100г",https://online.metro-cc.ru/products/bucheron-gorkij-s-klyukvoj-klubnikoj-fistashkami-72-kakao-100g,249,179,BUCHERON
114901,"Шоколад Россия Щедрая душа Кофе с молоком молочный, 82г",https://online.metro-cc.ru/products/molochnyj-rossiya-schedraya-dusha-kofe-s-molokom-82g,65.90,65.90,РОССИЯ ЩЕДРАЯ ДУША
214128,"Шоколад KitKat молочный с хрустящей вафлей, 42г",https://online.metro-cc.ru/products/415g-batonchik-kit-kat-shokoladnyy,97.90,97.90,KITKAT
499654,"Шоколад Merci молочный, 100г",https://online.metro-cc.ru/products/merci-molochnyj-100g,199,199,MERCI
118426,"Батончик Snickers Криспер шоколадный, 60г x 24 шт",https://online.metro-cc.ru/products/3-20g-snickers-krisper-118426,1269.60,1269.60,SNICKERS
90508,"Шоколад Alpen Gold капучино, 85г",https://online.metro-cc.ru/products/alpen-gold-kapuchino-85g,81.90,81.90,ALPEN GOLD
218673,"Батончик Goodmix печенье криспи, 47г",https://online.metro-cc.ru/products/47g-batonchik-goodmix-pechene-krispi,44.99,42.90,GOODMIX
632422,"Драже M&M's с соленым арахисом, 45г",https://online.metro-cc.ru/products/drazhe-m-m-039s-s-solenym-arahisom-45g-632422,55.90,55.90,M&M'S
222181,"Шоколад Кондитерская фабрика Крупской особый 85% какао, 88г",https://online.metro-cc.ru/products/88g-shokolad-osobyy-kf-im-nk-krupskoy-85-kakao,152,152,КОНДИТЕРСКАЯ ФАБРИКА КРУПСКОЙ
468857,"Шоколад Ritter Sport молочный клубника с йогуртом, 100г",https://online.metro-cc.ru/products/ritter-sport-klubnika-jogurt-100g,149,139,RITTER SPORT
599061,"Драже M&M's криспи, 36г",https://online.metro-cc.ru/products/drazhe-m-m-039s-krispi-36g-599061,55.90,55.90,M&M'S
95926,"Шоколад Аленка Красный Октябрь молочный с драже, 90г",https://online.metro-cc.ru/products/alenka-krasnyj-oktyabr-s-drazhe-90-g,109,109,АЛЕНКА
222175,"Шоколад Кондитерская фабрика Крупской с помадно-сливочной начинкой, 50г",https://online.metro-cc.ru/products/50g-shokolad-kf-im-nk-krupskoy-s-pomad-slivochn-nach,51.90,51.90,КОНДИТЕРСКАЯ ФАБРИКА КРУПСКОЙ
218674,"Батончик Goodmix соленая карамель, 44г",https://online.metro-cc.ru/products/44g-batonchik-goodmix-solenaya-karamel,41.99,41.99,GOODMIX
91296,"Шоколад Alpen Gold Max Fun молочный c фруктово ягодными кусочками и шипучими рисовыми шариками, 150г",https://online.metro-cc.ru/products/alpen-gold-maxfun-molochnyj-frukty-yagody-150g,199,199,ALPEN GOLD
217054,"Шоколад Alpen Gold молочный клубника-йогурт, 85г",https://online.metro-cc.ru/products/shokolad-alpen-gold-molochnyy-klubnika-yogurt-85g,81.90,81.90,ALPEN GOLD
90514,"Шоколад Alpen Gold с соленым миндалем и карамелью, 85г",https://online.metro-cc.ru/products/alpen-gold-solenyj-mindal-karamel-85g,94.90,94.90,ALPEN GOLD
222862,"Шоколад N Nature темный какао с миндалем 70%, 80г",https://online.metro-cc.ru/products/80g-shokolad-n-nature-temnyy-70-kakao-s-mindalem,119,109,N NATURE
328588,"Батончик Milky Way шоколадный 1+1, 52г x 18 шт",https://online.metro-cc.ru/products/milky-way-1-1-52g-328588,860.22,860.22,MILKY WAY
412349,"Шоколад Красный Октябрь Аленка молочный, 15г x 42 шт",https://online.metro-cc.ru/products/krasnyj-oktyabr-alenka-15g-412349,835.80,835.80,АЛЕНКА
203572,"Шоколад Villars белый с ванилью, 100г",https://online.metro-cc.ru/products/100g-shokolad-villars-belyy-s-vanilyu,399,399,VILLARS
222174,"Шоколад Кондитерская фабрика Крупской с шоколадной начинкой, 50г",https://online.metro-cc.ru/products/50g-shokolad-kf-im-nk-krupskoy-s-shokoladnoy-nach,55.99,55.99,КОНДИТЕРСКАЯ ФАБРИКА КРУПСКОЙ
544642,"Шоколад Ritter Sport темный с мятой, 100г",https://online.metro-cc.ru/products/ritter-sport-temnyj-myata-100g,149,139,RITTER SPORT
206091,"Шоколад Ritter Sport вафля-какао-мусс, 100г",https://online.metro-cc.ru/products/100g-shokolad-ritter-sport-vaflyakakao-muss,149,139,RITTER SPORT
567224,"Шоколад Bucheron горький с миндалем, клюквой и фисташками 72% какао, 100г",https://online.metro-cc.ru/products/bucheron-gorkij-s-mindalem-klyukvoj-fistashkami-72-kakao-100g,249,179,BUCHERON
114903,"Шоколад Россия Щедрая душа Миндаль и вафля молочный, 82г",https://online.metro-cc.ru/products/molochnyj-rossiya-schedraya-dusha-mindal-vafli-82g,65.90,65.90,РОССИЯ ЩЕДРАЯ ДУША
201384,"RIOBA Шоколад горький с вишней и миндалем, 100г",https://online.metro-cc.ru/products/100g-shokolad-rioba-gorkiy-s-vishney-i-mindalem,124,119,RIOBA
460047,"Шоколад Lindt Excellence мята, 100г",https://online.metro-cc.ru/products/art_460047,329,239,LINDT
95922,"Шоколад Аленка Красный Октябрь молочный фундук, 90г",https://online.metro-cc.ru/products/alenka-krasnyj-oktyabr-funduk-90-g,109,109,АЛЕНКА
235642,"Шоколад горький Победа вкуса какао 72%, 100г",https://online.metro-cc.ru/products/100g-shokolad-gorkiy-pobeda-vkusa-72-kakao,121,121,ПОБЕДА ВКУСА
112682,"Шоколад Milka молочный с фундуком и изюмом, 85г",https://online.metro-cc.ru/products/shokolad-milka-molochnyj-s-fundukom-izyumom-85g,120,99.90,MILKA
120568,"Шоколад Nature's Own Factory гречишный с кокосом, 20г",https://online.metro-cc.ru/products/grechishnyj-s-kokosom-nature-039s-own-factory-24g,119,119,NATURE'S OWN FACTORY
114904,"Шоколад Россия Щедрая душа Карамель и арахис молочный, 82г",https://online.metro-cc.ru/products/molochnyj-rossiya-schedraya-dusha-mindal-arahis-82g,65.90,65.90,РОССИЯ ЩЕДРАЯ ДУША
34691,"Батончик Snickers шоколадный, 20г",https://online.metro-cc.ru/products/shokoladnyj-batonchik-snickers-stik-20-g,17.99,17.99,SNICKERS
109019,"Шоколад Merci молочный c цельным миндалем, 100г",https://online.metro-cc.ru/products/shokolad-merci-molochnyj-c-celnym-mindalem-100-g,219,219,MERCI
226737,"Шоколад A.Korkunov молочный, 90г",https://online.metro-cc.ru/products/90g-shokolad-korkunov-molochnyy,129,129,A.KORKUNOV
136176,"Шоколад Степ с начинкой Арахис и карамель, 90г",https://online.metro-cc.ru/products/90g-shokolad-step-s-nachinkoy-arahis-i-karamel,63.90,63.90,СТЕП
109563,"RIOBA Шоколад горький 72% какао, 100г",https://online.metro-cc.ru/products/rioba-gorkij-72-kakao-100g,124,119,RIOBA
138905,"Шоколад Red Delight Red Fruits молочный с яблоком и фундуком, 85г",https://online.metro-cc.ru/products/85g-shokolad-red-delight-molochnyy-yablokofunduk,209,129,RED
120567,"Шоколад Nature's Own Factory гречишный белый, 20г",https://online.metro-cc.ru/products/grechishnyj-belyj-nature-039s-own-factory-24g,113,113,NATURE'S OWN FACTORY
659228,"Шоколад Milka Молочный с карамелью и арахисом, 90г",https://online.metro-cc.ru/products/art_659228,179,109,MILKA
226739,"Шоколад A.Korkunov горький 55%, 90г",https://online.metro-cc.ru/products/90g-shokolad-55-korkunov-gorkiy,129,129,A.KORKUNOV
216449,"Шоколад Россия Щедрая душа молочный цельный фундук, 85г",https://online.metro-cc.ru/products/85g-shokolad-rossiya-schedraya-dusha-molochnyy-tsel-funduk,85.90,85.90,РОССИЯ ЩЕДРАЯ ДУША
222177,"Шоколад Славянка Левушка детям с молочной начинкой, 85г",https://online.metro-cc.ru/products/85g-shokolad-lyovushka-detyam-slavyanka-s-molochnoy-nachin,83.90,83.90,СЛАВЯНКА
215868,"Шоколад Красный Октябрь Слава темный пористый, 75г",https://online.metro-cc.ru/products/75g-shokolad-slava-krasnyy-oktyabr-temnyy-poristyy,119,109,КРАСНЫЙ ОКТЯБРЬ
131005,"Шоколад Россия Щедрая душа Maxibon Sandwich with strawberry taste молочный со вкусом клубники и печеньем, 80г",https://online.metro-cc.ru/products/80g-rossiya-schedraya-dusha-maxibon-klubn,81.90,81.90,РОССИЯ ЩЕДРАЯ ДУША
114894,"Шоколад Россия Щедрая душа Кокос и вафля молочный и белый, 82г",https://online.metro-cc.ru/products/molochnyj-belyj-rossiya-schedraya-dusha-s-kokosom-82g,65.90,65.90,РОССИЯ ЩЕДРАЯ ДУША
95923,"Шоколад Аленка Красный Октябрь молочный миндаль, 90г",https://online.metro-cc.ru/products/alenka-krasnyj-oktyabr-mindal-90-g,109,109,АЛЕНКА
203570,"Шоколад Villars молочный 32%, 100г",https://online.metro-cc.ru/products/100g-shokolad-villars-molochnyy-32,399,399,VILLARS
138897,"Шоколад Red Delight Extra темный 60%, 85г",https://online.metro-cc.ru/products/85g-shokolad-red-delight-extra-dark-60,209,129,RED
130168,"Шоколад Ritter Sport молочный кешью, 100г",https://online.metro-cc.ru/products/ritter-sport-molochnyj-keshyu-100g,169,169,RITTER SPORT
135968,"RIOBA Шоколад молочный 32% какао, 20г x 18 шт",https://online.metro-cc.ru/products/20g-shokolad-rioba-molochnyy-32-kakao-135968,376.20,376.20,RIOBA
135966,"RIOBA Шоколад горький 72% какао, 20г x 18 шт",https://online.metro-cc.ru/products/20g-shokolad-rioba-gorkiy-72-kakao-135966,376.20,376.20,RIOBA
121753,"Драже M&M's криспи, 130г",https://online.metro-cc.ru/products/130g-drazhe-m-m-039s-krispi,185,185,M&M'S
206385,"Шоколад Nature's Own Factory гречишный детский белый детский с бананом, 20г",https://online.metro-cc.ru/products/20g-grechishnyy-shokolad-natures-factory-belyy-detsk-s-bananom,123,123,NATURE'S OWN FACTORY
242063,"Шоколад Toblerone молочный, 35г",https://online.metro-cc.ru/products/shokolad-toblerone-molochnyy-35g,114,114,TOBLERONE
203574,"Шоколад Villars темный с цукатами апельсина, 100г",https://online.metro-cc.ru/products/100g-shokolad-villars-tyomnyy-s-tsukatami-apelsina,429,429,VILLARS
131007,"Шоколад Россия Щедрая душа молочный шоколад с фундуком и изюмом, 82г",https://online.metro-cc.ru/products/82g-rossiya-schedraya-dusha-funduk-izyum,65.90,65.90,РОССИЯ ЩЕДРАЯ ДУША
131006,"Шоколад Россия Щедрая душа Maxibon cookie sandwich молочный с печеньем и мороженым, 80г",https://online.metro-cc.ru/products/80g-rossiya-schedraya-dusha-maxibon-pechenye,81.90,81.90,РОССИЯ ЩЕДРАЯ ДУША
222861,"Шоколад N Nature темный какао 70%, 80г",https://online.metro-cc.ru/products/80g-shokolad-n-nature-temnyy-70-kakao,119,109,N NATURE
222863,"Шоколад N Nature темный с малиной 70%, 80г",https://online.metro-cc.ru/products/80g-shokolad-n-nature-temnyy-70-kakao-s-malinoy,119,109,N NATURE
114127,"Батончик Mars шоколадный 40.5г х 4шт, 162г",https://online.metro-cc.ru/products/4h405g-batonchik-mars-shokoladnyj-mp,152,152,MARS
227317,"Шоколад молочный Royal Forest кокосовое молоко, 20г",https://online.metro-cc.ru/products/20g-shokolad-molochnyy-royal-forest-kokosovoe-moloko,68.90,68.90,ROYAL FOREST
130724,"Шоколад Красный Октябрь Аленка с соленым крекером, 85г",https://online.metro-cc.ru/products/90g-alyonka-goroshkom,89.90,89.90,АЛЕНКА
95921,"Шоколад Аленка Красный Октябрь молочный фундук изюм, 90г",https://online.metro-cc.ru/products/alenka-krasnyj-oktyabr-funduk-izyum-90-g,109,109,АЛЕНКА
216450,"Шоколад Россия Щедрая душа темный цельный фундук, 85г",https://online.metro-cc.ru/products/85g-shokolad-rossiya-schedraya-dusha-temnyy-tselnyy-funduk,85.90,85.90,РОССИЯ ЩЕДРАЯ ДУША
201385,"RIOBA Шоколад молочный с фундуком 31%, 100г",https://online.metro-cc.ru/products/100g-shokolad-rioba-31-molochnyy-s-fundukom,124,119,RIOBA
413415,"Шоколад Красный Октябрь Аленка молочный, 15г",https://online.metro-cc.ru/products/krasnyj-oktyabr-alenka-15g,19.99,19.99,АЛЕНКА
227318,"Шоколад белый Royal Forest малина, 20г",https://online.metro-cc.ru/products/20g-shokolad-belyy-royal-forest-malina,76.90,76.90,ROYAL FOREST
122029,"Шоколад Красный Октябрь Аленка целый фундук и карамель, 165г",https://online.metro-cc.ru/products/165g-shok-alenka-krasnyj-oktyabr-fund-karam,154,154,АЛЕНКА
216454,"Шоколад Россия Щедрая душа с апельсиновой цедрой, 82г",https://online.metro-cc.ru/products/82g-shokolad-rossiya-schedraya-dusha-s-apelsinovoy-tsedroy,72.90,72.90,РОССИЯ ЩЕДРАЯ ДУША
226740,"Шоколад A.Korkunov молочный-цельный фундук, 90г",https://online.metro-cc.ru/products/90g-shokolad-korkunov-molochnyy-tselnyy-funduk,129,129,A.KORKUNOV
539289,"Шоколад Воздушный темный пористый, 85г",https://online.metro-cc.ru/products/temnyj-vozdushnyj-poristyj-85g-539289,128,128,ВОЗДУШНЫЙ
112680,"Шоколад Milka молочный с добавлением ореховой пасты из фундука и дробленым фундуком, 85г",https://online.metro-cc.ru/products/shokolad-molochnyj-milka-s-dobavleniem-orehovoj-pasty-iz-funduka-droblenym-fundukom-85g,120,109,MILKA
228041,"Шоколад Alpen Gold горький 70%, 80г",https://online.metro-cc.ru/products/80g-shokolad-gorkiy-alpen-gold-70,94.90,94.90,ALPEN GOLD
222173,"Батончик Славянка Super Степ нуга-арахис-карамель, 65г",https://online.metro-cc.ru/products/65g-batonchik-super-step-slavyanka-nugaarahiskaramel,37.99,37.99,СЛАВЯНКА
120569,"Шоколад Nature's Own Factory гречишный с имбирем и лимоном, 20г",https://online.metro-cc.ru/products/grechishnyj-s-imbirem-limonom-nature-039s-own-factory-24g,117,117,NATURE'S OWN FACTORY
121041,"Шоколад Красный Октябрь Аленка молочный, 20г x 64 шт",https://online.metro-cc.ru/products/20g-alenka,1529.60,1529.60,АЛЕНКА
212674,Батончик Ярче 50г,https://online.metro-cc.ru/products/50g-batonchik-yarche,21.90,21.90,ЯРЧЕ
216401,"Шоколад Munz органик горький с кокосом, 100г",https://online.metro-cc.ru/products/100g-shokolad-munz-organik-gorkiy-s-kokosom,559,559,MUNZ
563873,"Шоколад Бабаевский с шоколадной начинкой, 50г x 120 шт",https://online.metro-cc.ru/products/babaevskij-nachinkoj-4-50g,5988,5988,БАБАЕВСКИЙ
203584,"Шоколад Villars молочный без сахара, 100г",https://online.metro-cc.ru/products/100g-shokolad-villars-molochnyy-bez-sahara,549,549,VILLARS
561290,"Батончик Twix Экстра шоколадный, 82г x 144 шт",https://online.metro-cc.ru/products/twix-ekstra-82g,10209.60,10209.60,TWIX
545373,"Батончик Snickers шоколадный, 51г x 288 шт",https://online.metro-cc.ru/products/snickers-c-arahisom-48h505g,15235.20,15235.20,SNICKERS
561288,"Батончик Bounty Трио шоколадный, 83г x 144 шт",https://online.metro-cc.ru/products/bounty-trio-825g,10209.60,10209.60,BOUNTY
445179,"Драже M&M's с арахисом и молочным шоколадом, 45г x 32 шт",https://online.metro-cc.ru/products/drazhe-m-m-039s-s-arahisom-32h45g,1916.80,1916.80,M&M'S
118459,"Батончик Snickers шоколадный, 20г x 32 шт",https://online.metro-cc.ru/products/20g-shok-bat-snikers-stik,540.80,540.80,SNICKERS
556956,"Шоколад Milka молочный с карамельной начинкой, 90г x 20 шт",https://online.metro-cc.ru/products/molochnyj-milka-s-karamelnoj-nachinkoj-90g,2180,2180,MILKA
364346,"Батончик Snickers шоколадный с лесным орехом, 81г x 32 шт",https://online.metro-cc.ru/products/snickers-s-lesnym-orehom-81g,2268.80,2268.80,SNICKERS
634272,"Драже M&M's с соленым арахисом, 45г x 32 шт",https://online.metro-cc.ru/products/drazhe-m-m-039s-s-solenym-arahisom-45g-634272,1916.80,1916.80,M&M'S
561414,"Шоколад Dove молочный, 90г x 16 шт",https://online.metro-cc.ru/products/dove-molochnyj-90g-,1904,1904,DOVE
216396,"Шоколад Munz органик молочный карамель-фундук-соль, 100г",https://online.metro-cc.ru/products/100g-shokolad-munz-organik-molochnyy-karam-funduksol,559,559,MUNZ
534217,"Батончик шоколадный Nuts DUO с фундуком, 66г x 24 шт",https://online.metro-cc.ru/products/art_534217,1677.60,1677.60,NUTS
203582,"Шоколад Villars горький без сахара, 100г",https://online.metro-cc.ru/products/100g-shokolad-villars-gorkiy-bez-sahara,549,549,VILLARS
598877,"Батончик Mars Max шоколадный, 81г x 168 шт",https://online.metro-cc.ru/products/art_598877,11911.20,11911.20,MARS
580125,"Батончик Picnic шоколадный с арахисом и изюмом, 38г x 35 шт",https://online.metro-cc.ru/products/art_580125,1571.50,1571.50,PICNIC
203581,"Шоколад Villars молочный с карамелью, 100г",https://online.metro-cc.ru/products/100g-shokolad-villars-molochnyy-s-karamelyu,429,429,VILLARS
453146,"Батончик Mars Max шоколадный, 81г x 24 шт",https://online.metro-cc.ru/products/mars-maks-15-81g-453146,1701.60,1701.60,MARS
617114,"Батончик Bounty с мякотью кокоса покрытый молочным шоколадом, 55г x 192 шт",https://online.metro-cc.ru/products/bounty-s-myakotyu-kokosa-pokrytyj-molochnym-32h55g,10156.80,10156.80,BOUNTY
148405,"Батончик Picnic Грецкий орех шоколадный, 52г x 35 шт",https://online.metro-cc.ru/products/picnic-greckij-oreh-v-upakovke-35h52g,1676.50,1676.50,PICNIC
636278,"Батончик Milky Way шоколадный, 26г x 216 шт",https://online.metro-cc.ru/products/milky-way-26g,4514.40,4514.40,MILKY WAY
563872,"Шоколад Бабаевский со сливочной начинкой, 50г x 120 шт",https://online.metro-cc.ru/products/babaevskij-s-pomadno-slivochnoj-nachinkoj-50g,5988,5988,БАБАЕВСКИЙ
617120,"Батончик Twix шоколадный карамель, 55г x 240 шт",https://online.metro-cc.ru/products/twix-40h55g,12696,12696,TWIX
508604,"Шоколад Bucheron молочный с фисташками, 100г",https://online.metro-cc.ru/products/bucheron-molochnyj-s-fistashkami-100g,369,369,BUCHERON
91299,"Шоколад Alpen Gold Max Fun молочный со взрывной карамелью мармеладом и печеньем, 150г",https://online.metro-cc.ru/products/art_91299,199,199,ALPEN GOLD
548121,"Шоколад Dove молочный с фундуком и изюмом, 90г",https://online.metro-cc.ru/products/dove-molochnyj-s-fundukom-izyumom-90-g,119,109,DOVE
584114,"Шоколад Bucheron горький с фундуком, 100г",https://online.metro-cc.ru/products/bucheron-gorkij-s-fundukom-100g,369,369,BUCHERON
130721,"Шоколад Бабаевский Трюфель с апельсином, 170г",https://online.metro-cc.ru/products/shokolad-babaevskij-tryufel-s-apelsinom-165g,239,139,БАБАЕВСКИЙ
132603,"Шоколад гречишный Nature's Own Factory в ассортименте 5г х 52шт, 260г",https://online.metro-cc.ru/products/grechishnyj-natures-own-factory-v-assortimente-52x5g,2439,2439,NATURE'S OWN FACTORY
644066,"Шоколад Merci молочный с ореховым кремом, 112г",https://online.metro-cc.ru/products/merci-molochnyj-s-orehovym-kremom-112g,223,223,MERCI
50898,"Марципан Anthon Berg вишня и ром, 220г",https://online.metro-cc.ru/products/shokoladnye-konfety-anthon-berg-cherry-in-rum-220-g,829,829,ANTHON BERG
445185,"Драже M&M's с молочным шоколадом, 45г x 32 шт",https://online.metro-cc.ru/products/drazhe-m-and-ms-s-molochnym-shokoladom-45-g-445185,1916.80,1916.80,M&M'S
554216,"Шоколад Milka молочный с печеньем Lu, 87г",https://online.metro-cc.ru/products/molochnyj-milka-s-pechenyem-lu-87g-554216,209,159,MILKA
242059,"Батончик шоколадный Cadbury Wispa, 36г",https://online.metro-cc.ru/products/batonchik-shokoladnyy-cadbury-wispa-36g,134,134,CADBURY
203586,"Шоколад Villars мини темный и горький, 250г",https://online.metro-cc.ru/products/250g-mini-shokolad-villars-tyomnyy-i-gorkiy,1699,1699,VILLARS
222179,"Шоколад Кондитерская фабрика Крупской особый темный мини, 200г",https://online.metro-cc.ru/products/200g-shokolad-osobyy-kf-im-nk-krupskoy-tyomnyy-mini,279,279,КОНДИТЕРСКАЯ ФАБРИКА КРУПСКОЙ
499655,"Шоколад Merci лесной орех и миндаль, 100г",https://online.metro-cc.ru/products/merci-s-orehom-100g,199,199,MERCI
554218,"Шоколад Milka молочный с соленым крекером Tuc, 87г",https://online.metro-cc.ru/products/milka-molochnyj-s-solenym-krekerom-tuc-87g-554218,209,159,MILKA
581623,"Шоколад Красный Октябрь Аленка молочный, 60г",https://online.metro-cc.ru/products/krasnyj-oktyabr-alenka-molochnyj-60g-581623,95.90,95.90,АЛЕНКА
206379,"Шоколад Nature's Own Factory гречишный детский белый банан-клубника, 20г",https://online.metro-cc.ru/products/20g-grechishnyy-shokolad-natures-factory-detsk-belyy-banklub,127,127,NATURE'S OWN FACTORY
228312,"Батончик марципановый Niederegger Vollmilchbrot, 125г",https://online.metro-cc.ru/products/125g-martsipanovyy-batonchik-niederegger-vollmilchbrot,789,789,NIEDEREGGER
244028,Шоколад молочный Alpen Gold 80г,https://online.metro-cc.ru/products/80g-shokolad-molochnyy-alpen-gold,79.90,79.90,ALPEN GOLD
667413,"Шоколад Red темный апельсин и миндаль без сахара, 26г",https://online.metro-cc.ru/products/temnyj-red-apelsin-mindal-26-g,73.90,44.90,RED
109565,"RIOBA Шоколад молочный с соленой карамелью, 100г",https://online.metro-cc.ru/products/shokolad-rioba-molochnyj-s-solenoj-karamelyu-100g,124,119,RIOBA
216397,"Шоколад Munz органик белый с малиной, 100г",https://online.metro-cc.ru/products/100g-shokolad-munz-organik-belyy-s-malinoy,679,679,MUNZ
667414,"Шоколад Red темный классический без сахара, 26г",https://online.metro-cc.ru/products/red-klassicheskij-temnyj-26-g,73.90,44.90,RED
644422,"Шоколад Merci темный с марципаном, 112г",https://online.metro-cc.ru/products/temnyj-merci-s-marcipanom-112g,199,199,MERCI
460045,Шоколад Lindt Excellence Горький 85% Какао 100 г,https://online.metro-cc.ru/products/lindt-excellence-gorkij-85-100g,329,239,LINDT
244024,"Шоколад молочный Alpen Gold соленый арахис-крекер, 80г",https://online.metro-cc.ru/products/80g-shok-molochnyy-alpen-gold-solyonyy-arahis-kreker,79.90,79.90,ALPEN GOLD
244023,"Шоколад молочный Alpen Gold с фундуком, 80г",https://online.metro-cc.ru/products/80g-shokolad-molochnyy-alpen-gold-s-fundukom,82.90,82.90,ALPEN GOLD
524146,"Батончик Zentis Belmarzipan Classic марципановый, 40г",https://online.metro-cc.ru/products/marcipanovyj-zentis-belmanda-60g,149,109,ZENTIS
206384,"Шоколад Nature's Own Factory гречишный детский молочный с бананом, 20г",https://online.metro-cc.ru/products/20g-grechishnyy-shok-natures-factory-detskiy-moloch-s-bananom,123,123,NATURE'S OWN FACTORY
244021,"Шоколад молочный Alpen Gold черника-йогурт, 80г",https://online.metro-cc.ru/products/80g-shokolad-molochnyy-alpen-gold-chernika-yogurt,79.90,79.90,ALPEN GOLD
603033,"Драже M&M's криспи, 36г x 32 шт",https://online.metro-cc.ru/products/art_603033,1916.80,1916.80,M&M'S
97494,"Батончик шоколадный Nuts DUO с фундуком, 66г x 18 шт",https://online.metro-cc.ru/products/nuts-celnyj-funduk-megabajt-66g,1258.20,1258.20,NUTS
244022,"Шоколад белый Alpen Gold Миндаль-кокос, 80г",https://online.metro-cc.ru/products/80g-shokolad-belyy-alpen-gold-mindal-kokos,82.90,82.90,ALPEN GOLD
569702,"Шоколад Воздушный молочный пористый, 85г x 20 шт",https://online.metro-cc.ru/products/molochnyj-vozdushnyj-poristyj-85g-569702,2580,2580,ВОЗДУШНЫЙ
617119,"Батончик Mars шоколадный, 50г x 288 шт",https://online.metro-cc.ru/products/mars-36h50g,15235.20,15235.20,MARS
534220,"Батончик Nestle Nuts шоколадный, 50г x 30 шт",https://online.metro-cc.ru/products/art_534220,1647,1647,NUTS
244029,"Шоколад молочный Alpen Gold со вкусом капучино, 80г",https://online.metro-cc.ru/products/80g-shokolad-molochnyy-alpen-gold-so-vkusom-kapuchino,79.90,79.90,ALPEN GOLD
470024,"Шоколад Красный Октябрь Аленка молочный, 15г x 294 шт",https://online.metro-cc.ru/products/krasnyj-oktyabr-alenka-15g-470024,5850.60,5850.60,АЛЕНКА
615408,"Батончик Snickers шоколадный с лесным орехом, 81г x 160 шт",https://online.metro-cc.ru/products/snickers-s-lesnym-orehom-81g-615408,11344,11344,SNICKERS
598878,"Батончик Milky Way шоколадный 1+1, 52г x 108 шт",https://online.metro-cc.ru/products/art_598878,5161.32,5161.32,MILKY WAY
569705,"Шоколад Воздушный белый пористый, 85г x 20 шт",https://online.metro-cc.ru/products/belyj-vozdushnyj-poristyj-85g-569705,2580,2580,ВОЗДУШНЫЙ
244030,"Шоколад молочный Alpen Gold соленый миндаль-карамель, 80г",https://online.metro-cc.ru/products/80g-shok-molochnyy-alpen-gold-solenyy-mindal-karamel,82.90,82.90,ALPEN GOLD
561251,"Драже M&M's с арахисом и молочным шоколадом, 45г x 160 шт",https://online.metro-cc.ru/products/drazhe-m-m-039s-s-arahisom-32h45g-561251,9584,9584,M&M'S
220320,"Батончик Twix Xtra шоколадный соленая карамель, 82г х 24 шт",https://online.metro-cc.ru/products/82g-shokoladnyy-batonchik-twix-xtra-solenaya-karamel-220320,1701.60,1701.60,TWIX
244027,"Шоколад молочный Alpen Gold Фундук-изюм, 80г",https://online.metro-cc.ru/products/80g-shokolad-molochnyy-alpen-gold-funduk-izyum,82.90,82.90,ALPEN GOLD
561252,"Драже M&M's с молочным шоколадом, 45г x 192 шт",https://online.metro-cc.ru/products/drazhe-m-and-ms-s-molochnym-shokoladom-45-g,11500.80,11500.80,M&M'S
117794,"Батончик Snickers Super шоколадный, 80г x 128 шт",https://online.metro-cc.ru/products/80g-snickers-super-117794,9075.20,9075.20,SNICKERS
